{"stats":{"minecraft:crafted":{"minecraft:oak_planks":24,"minecraft:crafting_table":1,"minecraft:stick":4,"minecraft:wooden_pickaxe":1,"minecraft:wooden_axe":1},"minecraft:picked_up":{"minecraft:feather":2,"minecraft:chicken":1,"minecraft:wheat_seeds":4,"minecraft:oak_log":8,"minecraft:mutton":3,"minecraft:dirt":5,"minecraft:white_wool":2},"minecraft:custom":{"minecraft:time_since_rest":3605,"minecraft:crouch_one_cm":50,"minecraft:play_time":3605,"minecraft:sprint_one_cm":3762,"minecraft:walk_one_cm":7369,"minecraft:sneak_time":5,"minecraft:mob_kills":3,"minecraft:jump":53,"minecraft:damage_dealt":198,"minecraft:leave_game":1,"minecraft:time_since_death":3605,"minecraft:total_world_time":3605,"minecraft:interact_with_crafting_table":2,"minecraft:fall_one_cm":1463,"minecraft:fly_one_cm":7464},"minecraft:used":{"minecraft:oak_log":2,"minecraft:wooden_axe":6,"minecraft:dirt":5,"minecraft:crafting_table":1},"minecraft:killed":{"minecraft:sheep":2,"minecraft:chicken":1},"minecraft:mined":{"minecraft:grass":10,"minecraft:grass_block":5,"minecraft:oak_log":8,"minecraft:tall_grass":5,"minecraft:oak_leaves":1}},"DataVersion":3465}